{
  "benchmark": "ood_extrapolation_lightcone_classification",
  "description": "Train on event differences from box=2 and test on larger boxes for timelike/spacelike classification.",
  "scope": "Research benchmark; not a unit test and not a broad world-model claim.",
  "config": {
    "train_box": 2.0,
    "test_boxes": [
      2.0,
      4.0,
      8.0,
      12.0
    ],
    "n_train": 3000,
    "n_test": 3000,
    "seeds": 10,
    "n_space": 2,
    "k": 8,
    "width": 64,
    "epochs": 120,
    "learning_rate": 0.01
  },
  "raw": {
    "lorentz": {
      "2.0": [
        1.0,
        1.0,
        1.0,
        1.0,
        1.0,
        1.0,
        1.0,
        1.0,
        1.0,
        1.0
      ],
      "4.0": [
        1.0,
        1.0,
        1.0,
        1.0,
        1.0,
        1.0,
        1.0,
        1.0,
        1.0,
        1.0
      ],
      "8.0": [
        1.0,
        1.0,
        1.0,
        1.0,
        1.0,
        1.0,
        1.0,
        1.0,
        1.0,
        1.0
      ],
      "12.0": [
        1.0,
        1.0,
        1.0,
        1.0,
        1.0,
        1.0,
        1.0,
        1.0,
        1.0,
        1.0
      ]
    },
    "euclid_mahalanobis": {
      "2.0": [
        0.7252214093184444,
        0.7176365037528842,
        0.7433680376482723,
        0.7174721295033571,
        0.7327050506477742,
        0.7203313956690108,
        0.6949683436215621,
        0.7337369329283076,
        0.741859140037594,
        0.7290617171959036
      ],
      "4.0": [
        0.7210473599646938,
        0.7387394645616441,
        0.7266824906349856,
        0.7315666858805446,
        0.7414997414997415,
        0.728648600943021,
        0.7251155145891988,
        0.7127085445963617,
        0.7379307703183556,
        0.7141867692630798
      ],
      "8.0": [
        0.732218420908495,
        0.7166456599902836,
        0.727585753432048,
        0.713383578519323,
        0.7147837132088648,
        0.7158165950166065,
        0.7098533707543387,
        0.7260403391596357,
        0.7246926829774107,
        0.7317157894311669
      ],
      "12.0": [
        0.7407970786851249,
        0.7050624609194465,
        0.7100269952302346,
        0.715344111403894,
        0.7147369471897774,
        0.71550694464376,
        0.7255507444182013,
        0.7154582967894063,
        0.7487071046297512,
        0.7262722596476208
      ]
    },
    "euclid_mlp": {
      "2.0": [
        0.9996913817938077,
        0.9997053096699469,
        0.999863584874383,
        0.9997265707432964,
        0.9998534487137644,
        0.9998847507010052,
        0.9995272466528384,
        0.9998009098817724,
        0.9997315554511278,
        0.9997075996463567
      ],
      "4.0": [
        0.9996282045093564,
        0.9996016133271177,
        0.9997152159355926,
        0.9996877744839702,
        0.9998014208540524,
        0.9998389935066677,
        0.9992010518326307,
        0.9997993414545251,
        0.999693006000747,
        0.9998491886348555
      ],
      "8.0": [
        0.9995753705495624,
        0.9996064451862436,
        0.9997206929960818,
        0.999493475381658,
        0.9997351817491011,
        0.9997084154073989,
        0.9987788533134773,
        0.9997029097403745,
        0.9993847610851017,
        0.9999174859884862
      ],
      "12.0": [
        0.9997195131456807,
        0.9995791760686549,
        0.9995941595454587,
        0.9993938478992827,
        0.9996326245382849,
        0.9997803236197369,
        0.9985405110971289,
        0.9994375350462251,
        0.9993533410804725,
        0.9997063814536709
      ]
    }
  },
  "summary": {
    "2.0": {
      "lorentz": {
        "mean_auc": 1.0,
        "std_auc": 0.0,
        "n_valid": 10
      },
      "euclid_mahalanobis": {
        "mean_auc": 0.725636066032311,
        "std_auc": 0.013432811111054425,
        "n_valid": 10
      },
      "euclid_mlp": {
        "mean_auc": 0.9997492358128298,
        "std_auc": 0.00010103770709110453,
        "n_valid": 10
      },
      "lorentz_minus_euclid_mlp": {
        "mean_gap": 0.00025076418717011605,
        "median_gap": 0.0002709369027878994,
        "wilcoxon_p": 0.001953125
      }
    },
    "4.0": {
      "lorentz": {
        "mean_auc": 1.0,
        "std_auc": 0.0,
        "n_valid": 10
      },
      "euclid_mahalanobis": {
        "mean_auc": 0.7278125942251625,
        "std_auc": 0.009444677247430698,
        "n_valid": 10
      },
      "euclid_mlp": {
        "mean_auc": 0.9996815810539517,
        "std_auc": 0.0001795974637117133,
        "n_valid": 10
      },
      "lorentz_minus_euclid_mlp": {
        "mean_gap": 0.0003184189460484599,
        "median_gap": 0.00029588903183019877,
        "wilcoxon_p": 0.001953125
      }
    },
    "8.0": {
      "lorentz": {
        "mean_auc": 1.0,
        "std_auc": 0.0,
        "n_valid": 10
      },
      "euclid_mahalanobis": {
        "mean_auc": 0.7212735903398173,
        "std_auc": 0.007675109602342342,
        "n_valid": 10
      },
      "euclid_mlp": {
        "mean_auc": 0.9995623591397486,
        "std_auc": 0.00029570585806512997,
        "n_valid": 10
      },
      "lorentz_minus_euclid_mlp": {
        "mean_gap": 0.0004376408602514648,
        "median_gap": 0.0003453225366909507,
        "wilcoxon_p": 0.001953125
      }
    },
    "12.0": {
      "lorentz": {
        "mean_auc": 1.0,
        "std_auc": 0.0,
        "n_valid": 10
      },
      "euclid_mahalanobis": {
        "mean_auc": 0.7217462943557217,
        "std_auc": 0.013073084712050915,
        "n_valid": 10
      },
      "euclid_mlp": {
        "mean_auc": 0.9994737413494595,
        "std_auc": 0.0003394830718013443,
        "n_valid": 10
      },
      "lorentz_minus_euclid_mlp": {
        "mean_gap": 0.0005262586505403788,
        "median_gap": 0.00041333219294320545,
        "wilcoxon_p": 0.001953125
      }
    }
  }
}
